{
  "project_info": {
    "project_number": "1045957216664",
    "firebase_url": "https://fir-library-5d543.firebaseio.com",
    "project_id": "fir-library-5d543",
    "storage_bucket": "fir-library-5d543.appspot.com"
  },
  "client": [
    {
      "client_info": {
        "mobilesdk_app_id": "1:1045957216664:android:ae4015689e3fa685",
        "android_client_info": {
          "package_name": "com.library"
        }
      },
      "oauth_client": [
        {
          "client_id": "1045957216664-1p79qtm090lbjho09o1hc2259ouu0892.apps.googleusercontent.com",
          "client_type": 3
        }
      ],
      "api_key": [
        {
          "current_key": "AIzaSyDLKrdtTaycARWIL1vYKyl0UiV1yy143qI"
        }
      ],
      "services": {
        "appinvite_service": {
          "other_platform_oauth_client": [
            {
              "client_id": "1045957216664-1p79qtm090lbjho09o1hc2259ouu0892.apps.googleusercontent.com",
              "client_type": 3
            }
          ]
        }
      }
    }
  ],
  "configuration_version": "1"
}